Type,Data Size,Avg Time (s)
1D,2,3e-07
1D,4,8e-07
1D,8,2.1e-06
1D,16,5.1e-06
1D,32,1.19e-05
1D,64,2.39e-05
1D,128,3.82e-05
1D,256,8.66e-05
1D,512,0.0001939
1D,1024,0.000587
1D,2048,0.0009699
2D,2,7e-07
2D,4,3.7e-06
2D,8,1.99e-05
2D,16,9.85e-05
2D,32,0.000413
2D,64,0.0030009
2D,128,0.0066333
2D,256,0.0295523
2D,512,0.135167
2D,1024,0.614293
2D,2048,3.92586
