Type,Data Size,Avg Time (s)
1D,2,2e-07
1D,4,6e-07
1D,8,1.5e-06
1D,16,3.6e-06
1D,32,8.3e-06
1D,64,1.92e-05
1D,128,5.17e-05
1D,256,0.0001174
1D,512,0.0002862
1D,1024,0.0006206
1D,2048,0.0010251
2D,2,7e-07
2D,4,3.8e-06
2D,8,1.96e-05
2D,16,9.85e-05
2D,32,0.0004209
2D,64,0.0016816
2D,128,0.0064581
2D,256,0.0294603
2D,512,0.133797
2D,1024,0.623768
2D,2048,3.96254
